<?xml version="1.0" encoding="UTF-8"?><conversionRules><description>These conversion rules are here to test out the new capabilities of the SIP Creator.</description><namespace alias="W3C_PNG" uri="http://www.w3c.org/png#"/><datastreamTemplate nodeType="English"><description>This is just an english description of the data to which this template is attached.</description><attribute name="Language" value="English"/><attribute name="Mimetype" value="text/plain"/></datastreamTemplate><datastreamTemplate nodeType="dc"><description>This is the oai_dc version of exactly whatever is said in the English DatastreamTemplate.</description><attribute name="Language" value="English"/><attribute name="Mimetype" value="text/xml"/></datastreamTemplate><objectTemplate nodeType="folder"><description>Specifies a &quot;containsFile&quot; relationship between folders and their child files, and a &quot;containsFolder&quot; relationship between folders and their child folders. Also specifies a content model of &quot;Folder&quot; for folders.</description><attribute name="contentModel" value="Folder"/><relationship name="sample:containsFile"><target primitiveRel="tree:child" nodeType="tree:child"/></relationship><relationship name="sample:containsFolder"><target primitiveRel="tree:child" nodeType="tree:child"/></relationship></objectTemplate><objectTemplate nodeType="*"><description>Specifies a &quot;containedByFolder&quot; relationship between all nodes and their parent folders.</description><relationship name="sample:containedByFolder"><target primitiveRel="tree:parent" nodeType="tree:parent"/></relationship></objectTemplate><objectTemplate nodeType="file"><description>Specifies a content model of &quot;File&quot; for files.</description><attribute name="contentModel" value="File"/></objectTemplate></conversionRules>