<?xml version="1.0" encoding="UTF-8"?>
<METS:mets xmlns:xsi="http://www.w3.org/2001/XMLSchema-instance"
  xsi:schemaLocation="http://www.loc.gov/METS/ config/METS/METS.xsd"
  xmlns:METS="http://www.loc.gov/METS/" xmlns:xlink="http://www.w3.org/1999/xlink">
  <METS:fileSec>
    <METS:fileGrp>
      <METS:file ID="_1120002301129" MIMETYPE="text/xml">
        <METS:FContent USE="fedora.services.sipcreator.metadata.DCFields">
          <METS:xmlData>
            <oai_dc:dc xmlns:oai_dc="http://www.openarchives.org/OAI/2.0/oai_dc/"
              xmlns:dc="http://purl.org/dc/elements/1.1/">
              <dc:title>The whole SIP File</dc:title>
              <dc:title>&quot;&apos;&amp;&lt;&gt;</dc:title>
            </oai_dc:dc>
          </METS:xmlData>
        </METS:FContent>
      </METS:file>
      <METS:file ID="_1120002302645" MIMETYPE="text/xml">
        <METS:FContent USE="fedora.services.sipcreator.metadata.MinimalMetadata">
          <METS:xmlData/>
        </METS:FContent>
      </METS:file>
      <METS:file ID="_1120004525739" MIMETYPE="image/jpeg">
        <METS:FLocat LOCTYPE="URL" xlink:href="file:///My Documents/Music/Mine/MyAlbumCover.jpg"/>
      </METS:file>
      <METS:file ID="_1120004525754" MIMETYPE="text/plain">
        <METS:FLocat LOCTYPE="URL" xlink:href="file:///My Documents/Music/Mine/MyAlbumLyrics.txt"/>
      </METS:file>
      <METS:file ID="_1120004525770" MIMETYPE="audio/mp3">
        <METS:FLocat LOCTYPE="URL"
          xlink:href="file:///My Documents/Music/08_ThieveryCorporation_DC3000.mp3"/>
      </METS:file>
      <METS:file ID="_17" MIMETYPE="text/xml">
        <METS:FContent USE="fedora.services.sipcreator.metadata.DCFields">
          <METS:xmlData>
            <oai_dc:dc xmlns:oai_dc="http://www.openarchives.org/OAI/2.0/oai_dc/"
              xmlns:dc="http://purl.org/dc/elements/1.1/">
              <dc:title>Papers Folder</dc:title>
              <dc:description>Holds a single paper about Fahrenheit 451</dc:description>
            </oai_dc:dc>
          </METS:xmlData>
        </METS:FContent>
      </METS:file>
      <METS:file ID="_18" MIMETYPE="text/xml">
        <METS:FContent USE="fedora.services.sipcreator.metadata.MinimalMetadata">
          <METS:xmlData/>
        </METS:FContent>
      </METS:file>
      <METS:file ID="_1120004525817" MIMETYPE="application/msword">
        <METS:FLocat LOCTYPE="URL" xlink:href="file:///My Documents/School/Papers/Fahrenheit451.doc"
        />
      </METS:file>
      <METS:file ID="_1120004525833" MIMETYPE="application/msword">
        <METS:FLocat LOCTYPE="URL" xlink:href="file:///My Documents/School/Schedule.xls"/>
      </METS:file>
      <METS:file ID="_19" MIMETYPE="text/xml">
        <METS:FContent USE="fedora.services.sipcreator.metadata.MinimalMetadata">
          <METS:xmlData/>
        </METS:FContent>
      </METS:file>
      <METS:file ID="_20" MIMETYPE="text/xml">
        <METS:FContent USE="fedora.services.sipcreator.metadata.DCFields">
          <METS:xmlData>
            <oai_dc:dc xmlns:oai_dc="http://www.openarchives.org/OAI/2.0/oai_dc/"
              xmlns:dc="http://purl.org/dc/elements/1.1/">
              <dc:title>Title</dc:title>
              <dc:creator>Creator</dc:creator>
              <dc:subject>Subject</dc:subject>
              <dc:description>Description</dc:description>
              <dc:publisher>Publisher</dc:publisher>
              <dc:contributor>Contributor</dc:contributor>
              <dc:date>Date</dc:date>
              <dc:type>Type</dc:type>
              <dc:format>Format</dc:format>
              <dc:identifier>Identifier</dc:identifier>
              <dc:source>Source</dc:source>
              <dc:language>Language</dc:language>
              <dc:relation>Relation</dc:relation>
              <dc:coverage>Coverage</dc:coverage>
              <dc:rights>Rights</dc:rights>
            </oai_dc:dc>
          </METS:xmlData>
        </METS:FContent>
      </METS:file>
    </METS:fileGrp>
  </METS:fileSec>
  <METS:structMap>
    <METS:div LABEL="root folder" ID="My Documents" TYPE="folder">
      <METS:div LABEL="Root DC Chunk" TYPE="dc">
        <METS:fptr FILEID="_1120002301129"/>
      </METS:div>
      <METS:div LABEL="root XML Chunk" TYPE="empty">
        <METS:fptr FILEID="_1120002302645"/>
      </METS:div>
      <METS:div LABEL="Music" ID="Music" TYPE="folder">
        <METS:div LABEL="Mine" ID="Mine" TYPE="folder">
          <METS:div LABEL="MyAlbumCover.jpg" ID="MyAlbumCover.jpg" TYPE="file">
            <METS:div LABEL="Content" TYPE="content">
              <METS:fptr FILEID="_1120004525739"/>
            </METS:div>
          </METS:div>
          <METS:div LABEL="MyAlbumLyrics.txt" ID="MyAlbumLyrics.txt" TYPE="file">
            <METS:div LABEL="Content" TYPE="content">
              <METS:fptr FILEID="_1120004525754"/>
            </METS:div>
          </METS:div>
        </METS:div>
        <METS:div LABEL="08_ThieveryCorporation_DC3000.mp3" ID="08_ThieveryCorporation_DC3000.mp3"
          TYPE="file">
          <METS:div LABEL="Content" TYPE="content">
            <METS:fptr FILEID="_1120004525770"/>
          </METS:div>
        </METS:div>
      </METS:div>
      <METS:div LABEL="School" ID="School" TYPE="folder">
        <METS:div LABEL="inner folder" ID="Papers" TYPE="folder">
          <METS:div LABEL="Folder DC Test" TYPE="dc">
            <METS:fptr FILEID="_17"/>
          </METS:div>
          <METS:div LABEL="Folder XML Test" TYPE="empty">
            <METS:fptr FILEID="_18"/>
          </METS:div>
          <METS:div LABEL="Fahrenheit451.doc" ID="Fahrenheit451.doc" TYPE="file">
            <METS:div LABEL="Content" TYPE="content">
              <METS:fptr FILEID="_1120004525817"/>
            </METS:div>
          </METS:div>
        </METS:div>
        <METS:div LABEL="Leaf file" ID="Schedule.xls" TYPE="file">
          <METS:div LABEL="Content" TYPE="content">
            <METS:fptr FILEID="_1120004525833"/>
          </METS:div>
          <METS:div LABEL="Schedule&apos;s Plain XML MD" TYPE="empty">
            <METS:fptr FILEID="_19"/>
          </METS:div>
          <METS:div LABEL="Schedule&apos;s Full DC Test" TYPE="dc">
            <METS:fptr FILEID="_20"/>
          </METS:div>
        </METS:div>
      </METS:div>
    </METS:div>
  </METS:structMap>
</METS:mets>
